INSERT INTO FN72068.AUTOSTORES (NAME, ADDRESS) VALUES ('Sofia-Lozenets-Auto  ', 'James Bourchier, str.');
INSERT INTO FN72068.AUTOSTORES (NAME, ADDRESS) VALUES ('Pleven-Auto ', 'Ruse, blvd.');
INSERT INTO FN72068.AUTOSTORES (NAME, ADDRESS) VALUES ('Plovdiv-Auto  ', 'Stambolijski, str.');
INSERT INTO FN72068.AUTOSTORES (NAME, ADDRESS) VALUES ('Varna-Auto  ', 'Central street');
INSERT INTO FN72068.AUTOSTORES (NAME, ADDRESS) VALUES ('Burgas-Auto  ', 'See street');
INSERT INTO FN72068.AUTOSTORES (NAME, ADDRESS) VALUES ('Vratsa-Auto ', 'Hristo Botev, blvd.');
INSERT INTO FN72068.AUTOSTORES (NAME, ADDRESS) VALUES ('Sofia-Iztok-Auto ', 'Julio Curie, str.');
INSERT INTO FN72068.AUTOSTORES (NAME, ADDRESS) VALUES ('Sofia-Mladost-Auto ', 'Okolovrusten put');
INSERT INTO FN72068.AUTOSTORES (NAME, ADDRESS) VALUES ('Ruse-Auto ', 'Tsar Boris, str.');
INSERT INTO FN72068.AUTOSTORES (NAME, ADDRESS) VALUES ('Stara Zagora-Auto ', 'Tsar Samuil, str.');
INSERT INTO FN72068.AUTOSTORES (NAME, ADDRESS) VALUES ('Vidin-Auto', 'Baba Vida, str.');
INSERT INTO FN72068.AUTOSTORES (NAME, ADDRESS) VALUES ('Dobrich-Auto', 'Vasil Levski, blvd.');
INSERT INTO FN72068.AUTOSTORES (NAME, ADDRESS) VALUES ('Blagoevgrad-Auto', 'Suedinenie, str.');
INSERT INTO FN72068.AUTOSTORES (NAME, ADDRESS) VALUES ('Kardzhali-Auto', 'Osman Pasha, str.');




INSERT INTO FN72068.CARS(CLIENT_PHONE_NUMBER, BRAND, CATEGORY, PRICE, COLOUR, HORSEPOWER, EURO_EMISSION_STANDARD, YEAR_MANUFACTURE, ENGINE_TYPE, TRANSMISSION_TYPE, SPARE_TYRE, SPOILER, SUNROOF) VALUES ('0876238800','Mercedes','Sedane',500000.00,'Black',260,3,2022,'DIESEL','AUTOMATIC',1,0,1);
INSERT INTO FN72068.CARS(CLIENT_PHONE_NUMBER, BRAND, CATEGORY, PRICE, COLOUR, HORSEPOWER, EURO_EMISSION_STANDARD, YEAR_MANUFACTURE, ENGINE_TYPE, TRANSMISSION_TYPE, SPARE_TYRE, SPOILER, SUNROOF) VALUES ('0845815673','Maserati','Cabriolet',600000.00,'Red',670,4,2021,'PETROL','AUTOMATIC',1,1,1);
INSERT INTO FN72068.CARS(CLIENT_PHONE_NUMBER, BRAND, CATEGORY, PRICE, COLOUR, HORSEPOWER, EURO_EMISSION_STANDARD, YEAR_MANUFACTURE, ENGINE_TYPE, TRANSMISSION_TYPE, SPARE_TYRE, SPOILER, SUNROOF) VALUES ('0881097690','Audi','Coupe',30000.00,'Blue',260,5,2021,'HYBRID','MANUAL',1,0,0);
INSERT INTO FN72068.CARS(CLIENT_PHONE_NUMBER, BRAND, CATEGORY, PRICE, COLOUR, HORSEPOWER, EURO_EMISSION_STANDARD, YEAR_MANUFACTURE, ENGINE_TYPE, TRANSMISSION_TYPE, SPARE_TYRE, SPOILER, SUNROOF) VALUES ('0899014355','VW','SUV',200000.00,'Grey',180,3,2022,'ELECTRIC','AUTOMATIC',1,1,1);
INSERT INTO FN72068.CARS(CLIENT_PHONE_NUMBER, BRAND, CATEGORY, PRICE, COLOUR, HORSEPOWER, EURO_EMISSION_STANDARD, YEAR_MANUFACTURE, ENGINE_TYPE, TRANSMISSION_TYPE, SPARE_TYRE, SPOILER, SUNROOF) VALUES ('0885237096','Lamborghini','Sportscar',900000.00,'Green',980,4,2022,'PETROL','AUTOMATIC',1,1,1);
INSERT INTO FN72068.CARS(CLIENT_PHONE_NUMBER, BRAND, CATEGORY, PRICE, COLOUR, HORSEPOWER, EURO_EMISSION_STANDARD, YEAR_MANUFACTURE, ENGINE_TYPE, TRANSMISSION_TYPE, SPARE_TYRE, SPOILER, SUNROOF) VALUES ('0818834822','Ferrari','Sportscar',810000.00,'Yellow',890,4,2022,'PETROL','AUTOMATIC',1,1,0);



INSERT INTO FN72068.TRUCKS(CLIENT_PHONE_NUMBER, BRAND, CATEGORY, PRICE, COLOUR, HORSEPOWER, EURO_EMISSION_STANDARD, YEAR_MANUFACTURE, ENGINE_TYPE, TRANSMISSION_TYPE, SPARE_TYRE, LOAD_CAPACITY, NUMBER_OF_AXLES, NUMBER_OF_SEATS) VALUES ('0845815673','MAN','Trailer',45000.00,'Blue',320,2,2021,'DIESEL','MANUAL',1,800,4,4);
INSERT INTO FN72068.TRUCKS(CLIENT_PHONE_NUMBER, BRAND, CATEGORY, PRICE, COLOUR, HORSEPOWER, EURO_EMISSION_STANDARD, YEAR_MANUFACTURE, ENGINE_TYPE, TRANSMISSION_TYPE, SPARE_TYRE, LOAD_CAPACITY, NUMBER_OF_AXLES, NUMBER_OF_SEATS) VALUES ('0874815637','MAN','Trailer',50000.00,'Red',300,2,2021,'PETROL','MANUAL',1,1000,4,4);
INSERT INTO FN72068.TRUCKS(CLIENT_PHONE_NUMBER, BRAND, CATEGORY, PRICE, COLOUR, HORSEPOWER, EURO_EMISSION_STANDARD, YEAR_MANUFACTURE, ENGINE_TYPE, TRANSMISSION_TYPE, SPARE_TYRE, LOAD_CAPACITY, NUMBER_OF_AXLES, NUMBER_OF_SEATS) VALUES ('0825706399','Volvo','Trailer',70000.00,'Green',340,4,2021,'PETROL','MANUAL',1,1000,4,4);
INSERT INTO FN72068.TRUCKS(CLIENT_PHONE_NUMBER, BRAND, CATEGORY, PRICE, COLOUR, HORSEPOWER, EURO_EMISSION_STANDARD, YEAR_MANUFACTURE, ENGINE_TYPE, TRANSMISSION_TYPE, SPARE_TYRE, LOAD_CAPACITY, NUMBER_OF_AXLES, NUMBER_OF_SEATS) VALUES ('0883655212','Scania','Semi-Tr',98000.00,'Yellow',420,3,2022,'PETROL','MANUAL',1,200,4,2);
INSERT INTO FN72068.TRUCKS(CLIENT_PHONE_NUMBER, BRAND, CATEGORY, PRICE, COLOUR, HORSEPOWER, EURO_EMISSION_STANDARD, YEAR_MANUFACTURE, ENGINE_TYPE, TRANSMISSION_TYPE, SPARE_TYRE, LOAD_CAPACITY, NUMBER_OF_AXLES, NUMBER_OF_SEATS) VALUES ('0889291133','Renault','Semi-Tr',105000.00,'Black',450,3,2022,'DIESEL','MANUAL',1,300,4,2);


INSERT INTO FN72068.BUSES(CLIENT_PHONE_NUMBER, BRAND, CATEGORY, PRICE, COLOUR, HORSEPOWER, EURO_EMISSION_STANDARD, YEAR_MANUFACTURE, ENGINE_TYPE, TRANSMISSION_TYPE, SPARE_TYRE, SUNROOF, LOAD_CAPACITY, NUMBER_OF_AXLES, NUMBER_OF_SEATS) VALUES ('0899865621','Mercedes','DoubleD',77000.00,'Green',150,6,2021,'DIESEL','MANUAL',1,1,100,4,75);
INSERT INTO FN72068.BUSES(CLIENT_PHONE_NUMBER, BRAND, CATEGORY, PRICE, COLOUR, HORSEPOWER, EURO_EMISSION_STANDARD, YEAR_MANUFACTURE, ENGINE_TYPE, TRANSMISSION_TYPE, SPARE_TYRE, SUNROOF, LOAD_CAPACITY, NUMBER_OF_AXLES, NUMBER_OF_SEATS) VALUES ('0874815637','Toyota','Coaches',665500.00,'Blue',150,6,2021,'PETROL','MANUAL',1,1,50,4,45);
INSERT INTO FN72068.BUSES(CLIENT_PHONE_NUMBER, BRAND, CATEGORY, PRICE, COLOUR, HORSEPOWER, EURO_EMISSION_STANDARD, YEAR_MANUFACTURE, ENGINE_TYPE, TRANSMISSION_TYPE, SPARE_TYRE, SUNROOF, LOAD_CAPACITY, NUMBER_OF_AXLES, NUMBER_OF_SEATS) VALUES ('0854835662','Isuzu','DoubleD',89000.00,'Grey',150,6,2022,'DIESEL','MANUAL',1,1,110,4,75);
INSERT INTO FN72068.BUSES(CLIENT_PHONE_NUMBER, BRAND, CATEGORY, PRICE, COLOUR, HORSEPOWER, EURO_EMISSION_STANDARD, YEAR_MANUFACTURE, ENGINE_TYPE, TRANSMISSION_TYPE, SPARE_TYRE, SUNROOF, LOAD_CAPACITY, NUMBER_OF_AXLES, NUMBER_OF_SEATS) VALUES ('0841265901','Fiat','Clubbus',65000.00,'Black',150,6,2022,'DIESEL','MANUAL',1,1,130,4,55);
INSERT INTO FN72068.BUSES(CLIENT_PHONE_NUMBER, BRAND, CATEGORY, PRICE, COLOUR, HORSEPOWER, EURO_EMISSION_STANDARD, YEAR_MANUFACTURE, ENGINE_TYPE, TRANSMISSION_TYPE, SPARE_TYRE, SUNROOF, LOAD_CAPACITY, NUMBER_OF_AXLES, NUMBER_OF_SEATS) VALUES ('0822314961','Renault','Clubbus',90000.00,'Red',170,6,2021,'PETROL','MANUAL',1,1,120,4,60);




INSERT INTO FN72068.CLIENTS(PHONE_NUMBER, NAME, EMAIL, LOCATION, AUTO_STORE_NAME, PRICE_AUTOMOBILE) VALUES ('0884845678', 'Valentin Dimitrov', 'valiodjigita1@gmail.com', 'Sofia-Lozenets' ,'Sofia-Lozenets-Auto',500000.00);
INSERT INTO FN72068.CLIENTS(PHONE_NUMBER, NAME, EMAIL, LOCATION, AUTO_STORE_NAME, PRICE_AUTOMOBILE) VALUES ('0886855418', 'Petar Svilenov', 'peshoshampiona@abv.bg','Vratsa' ,'Vratsa-Auto',200000.00);
INSERT INTO FN72068.CLIENTS(PHONE_NUMBER, NAME, EMAIL, LOCATION, AUTO_STORE_NAME, PRICE_AUTOMOBILE) VALUES ('0862394698', 'Toshko Batsanov', 'totobackn@abv.bg', 'Plovdiv' ,'Plovdiv-Auto',665500.00);
INSERT INTO FN72068.CLIENTS(PHONE_NUMBER, NAME, EMAIL, LOCATION, AUTO_STORE_NAME, PRICE_AUTOMOBILE) VALUES ('0852594677', 'Tihomir Enchev', 'enchev069@abv.bg', 'Vidin' ,'Vidin-Auto',105000.00);
INSERT INTO FN72068.CLIENTS(PHONE_NUMBER, NAME, EMAIL, LOCATION, AUTO_STORE_NAME, PRICE_AUTOMOBILE) VALUES ('0881267210', 'Velizar Todorov', 'todorovokulus@abv.bg', 'Ruse' ,'Ruse-Auto ',70000.00);

INSERT INTO FN72068.CLIENTS(PHONE_NUMBER, NAME, EMAIL, LOCATION, AUTO_STORE_NAME, PRICE_AUTOMOBILE) VALUES ('0899865621', 'Tsvetomir Vasilev', 'cvetivas@abv.bg','Pleven' ,'Pleven-Auto ',770000.00);
INSERT INTO FN72068.CLIENTS(PHONE_NUMBER, NAME, EMAIL, LOCATION, AUTO_STORE_NAME, PRICE_AUTOMOBILE) VALUES ('0874815637', 'Lidia Yavorova', 'lidia098@abv.bg','Plovdiv', 'Plovdiv-Auto ',665500.00);
INSERT INTO FN72068.CLIENTS(PHONE_NUMBER, NAME, EMAIL, LOCATION, AUTO_STORE_NAME, PRICE_AUTOMOBILE) VALUES ('0854835662', 'Martin Mirchev', 'martinaki@gmail.com','Sofia-Mladost' ,'Sofia-Mladost-Auto ',890000.00);
INSERT INTO FN72068.CLIENTS(PHONE_NUMBER, NAME, EMAIL, LOCATION, AUTO_STORE_NAME, PRICE_AUTOMOBILE) VALUES ('0845815673', 'Dobromir Penkov', 'penkov@uni-sofia.bg','Varna' ,'Varna-Auto ',990000.00);
INSERT INTO FN72068.CLIENTS(PHONE_NUMBER, NAME, EMAIL, LOCATION, AUTO_STORE_NAME, PRICE_AUTOMOBILE) VALUES ('0876238800', 'Tsonko Hadjiev', 'tsonkoauto@gmail.com', 'Sofia-Lozenets' ,'Sofia-Lozenets-Auto',500000.00);
INSERT INTO FN72068.CLIENTS(PHONE_NUMBER, NAME, EMAIL, LOCATION, AUTO_STORE_NAME, PRICE_AUTOMOBILE) VALUES ('0899014355', 'Milcho Vasilev', 'vasilevm@abv.bg','Vratsa' ,'Vratsa-Auto',645000.00);
INSERT INTO FN72068.CLIENTS(PHONE_NUMBER, NAME, EMAIL, LOCATION, AUTO_STORE_NAME, PRICE_AUTOMOBILE) VALUES ('0881097690', 'Tsvetan Yotov', 'tsvetiyy@abv.bg', 'Sofia-Iztok' ,'Sofia-Iztok-Auto',450000.00);
INSERT INTO FN72068.CLIENTS(PHONE_NUMBER, NAME, EMAIL, LOCATION, AUTO_STORE_NAME, PRICE_AUTOMOBILE) VALUES ('0841265901', 'Ivo Vasilevich', 'vasilsb@abv.bg','Stara Zagora' ,'Stara Zagora-Auto ',220000.00);
INSERT INTO FN72068.CLIENTS(PHONE_NUMBER, NAME, EMAIL, LOCATION, AUTO_STORE_NAME, PRICE_AUTOMOBILE) VALUES ('0825706399', 'Dancho Iskrenov', 'iskrata002@abv.bg','Ruse', 'Ruse-Auto ',669900.00);
INSERT INTO FN72068.CLIENTS(PHONE_NUMBER, NAME, EMAIL, LOCATION, AUTO_STORE_NAME, PRICE_AUTOMOBILE) VALUES ('0883655212', 'Marian Marianov', 'marimarianov@gmail.com','Burgas' ,'Burgas-Auto ',894000.00);
INSERT INTO FN72068.CLIENTS(PHONE_NUMBER, NAME, EMAIL, LOCATION, AUTO_STORE_NAME, PRICE_AUTOMOBILE) VALUES ('0885237096', 'Rosen Penkov', 'penkovros@uni-sofia.bg','Blagoevgrad' ,'Blagoevgrad-Auto ',900000.00);
INSERT INTO FN72068.CLIENTS(PHONE_NUMBER, NAME, EMAIL, LOCATION, AUTO_STORE_NAME, PRICE_AUTOMOBILE) VALUES ('0889291133', 'Boris Noev', 'noevskijr@gmail.com', 'Vidin' ,'Vidin-Auto',100000.00);
INSERT INTO FN72068.CLIENTS(PHONE_NUMBER, NAME, EMAIL, LOCATION, AUTO_STORE_NAME, PRICE_AUTOMOBILE) VALUES ('0822314961', 'Filip Filipov', 'ff1992@abv.bg','Dobrich' ,'Dobrich-Auto',334000.00);
INSERT INTO FN72068.CLIENTS(PHONE_NUMBER, NAME, EMAIL, LOCATION, AUTO_STORE_NAME, PRICE_AUTOMOBILE) VALUES ('0818834822', 'Ilia Iliev', 'ilievilia@abv.bg', 'Kardzhali' ,'Kardzhali-Auto',955000.00);


INSERT INTO FN72068.SERVICES(TYPE, PRICE) VALUES ('Insurance',150.99);
INSERT INTO FN72068.SERVICES(TYPE, PRICE) VALUES ('Vehicle Maintenance',1500.00);
INSERT INTO FN72068.SERVICES(TYPE, PRICE) VALUES ('Registration',120.00);
INSERT INTO FN72068.SERVICES(TYPE, PRICE) VALUES ('Devices Installation',250.00);
INSERT INTO FN72068.SERVICES(TYPE, PRICE) VALUES ('Sales Assistance',1000.00);



INSERT INTO FN72068.STAFF(NAME, PHONE_NUMBER, REGION, AUTO_STORE_NAME, SERVICES_TYPE) VALUES ('Georgi Petrov','0887536722','Sofia-Lozenets','Sofia-Lozenets-Auto  ','Insurance');
INSERT INTO FN72068.STAFF(NAME, PHONE_NUMBER, REGION, AUTO_STORE_NAME, SERVICES_TYPE) VALUES ('Toni Ivanov','0888536721','Sofia-Iztok','Sofia-Iztok-Auto  ','Insurance');
INSERT INTO FN72068.STAFF(NAME, PHONE_NUMBER, REGION, AUTO_STORE_NAME, SERVICES_TYPE) VALUES ('Dobromir Penchev','0896531790','Varna','Varna-Auto  ','Insurance');
INSERT INTO FN72068.STAFF(NAME, PHONE_NUMBER, REGION, AUTO_STORE_NAME, SERVICES_TYPE) VALUES ('Antoni Vasilev','0891486777','Plovdiv','Plovdiv-Auto  ','Insurance');
INSERT INTO FN72068.STAFF(NAME, PHONE_NUMBER, REGION, AUTO_STORE_NAME, SERVICES_TYPE) VALUES ('Anton Danailov','0828918729','Burgas','Burgas-Auto  ','Insurance');
INSERT INTO FN72068.STAFF(NAME, PHONE_NUMBER, REGION, AUTO_STORE_NAME, SERVICES_TYPE) VALUES ('Petko Mihov','0887536729','Burgas','Burgas-Auto  ','Vehicle Maintenance');
INSERT INTO FN72068.STAFF(NAME, PHONE_NUMBER, REGION, AUTO_STORE_NAME, SERVICES_TYPE) VALUES ('Kiro Kolev','0893016700','Sofia-Mladost','Sofia-Mladost-Auto  ','Vehicle Maintenance');
INSERT INTO FN72068.STAFF(NAME, PHONE_NUMBER, REGION, AUTO_STORE_NAME, SERVICES_TYPE) VALUES ('Ivan Karaivanov','0801133744','Plovdiv','Plovdiv-Auto  ','Vehicle Maintenance');
INSERT INTO FN72068.STAFF(NAME, PHONE_NUMBER, REGION, AUTO_STORE_NAME, SERVICES_TYPE) VALUES ('Vasilen Nikiforov','0885168102','Varna','Varna-Auto  ','Vehicle Maintenance');
INSERT INTO FN72068.STAFF(NAME, PHONE_NUMBER, REGION, AUTO_STORE_NAME, SERVICES_TYPE) VALUES ('Ivcho Petrov','0884336782','Vratsa','Vratsa-Auto ','Registration');
INSERT INTO FN72068.STAFF(NAME, PHONE_NUMBER, REGION, AUTO_STORE_NAME, SERVICES_TYPE) VALUES ('Tsvetan Vladimirov','0851756792','Plovdiv','Plovdiv-Auto ','Registration');
INSERT INTO FN72068.STAFF(NAME, PHONE_NUMBER, REGION, AUTO_STORE_NAME, SERVICES_TYPE) VALUES ('Daniel Cherganski','0871658125','Sofia-Mladost','Sofia-Mladost-Auto ','Registration');
INSERT INTO FN72068.STAFF(NAME, PHONE_NUMBER, REGION, AUTO_STORE_NAME, SERVICES_TYPE) VALUES ('Milen Chuklev','0853126593','Varna','Varna-Auto ','Registration');
INSERT INTO FN72068.STAFF(NAME, PHONE_NUMBER, REGION, AUTO_STORE_NAME, SERVICES_TYPE) VALUES ('Georgi Petkov','0882928040','Burgas','Burgas-Auto ','Registration');
INSERT INTO FN72068.STAFF(NAME, PHONE_NUMBER, REGION, AUTO_STORE_NAME, SERVICES_TYPE) VALUES ('Doncho Shishkov','0887536723','Stara Zagora','Stara Zagora-Auto ','Devices Installation');
INSERT INTO FN72068.STAFF(NAME, PHONE_NUMBER, REGION, AUTO_STORE_NAME, SERVICES_TYPE) VALUES ('Daniel Milanov','0881092799','Varna','Varna-Auto ','Devices Installation');
INSERT INTO FN72068.STAFF(NAME, PHONE_NUMBER, REGION, AUTO_STORE_NAME, SERVICES_TYPE) VALUES ('Tancho Ivanov','0897536731','Burgas','Burgas-Auto ','Devices Installation');
INSERT INTO FN72068.STAFF(NAME, PHONE_NUMBER, REGION, AUTO_STORE_NAME, SERVICES_TYPE) VALUES ('Petko Qvorov','0837546744','Sofia-Lozenets','Sofia-Lozenets-Auto ','Devices Installation');
INSERT INTO FN72068.STAFF(NAME, PHONE_NUMBER, REGION, AUTO_STORE_NAME, SERVICES_TYPE) VALUES ('Qvor Shkortov','0867526776','Plovdiv','Plovdiv-Auto ','Devices Installation');
INSERT INTO FN72068.STAFF(NAME, PHONE_NUMBER, REGION, AUTO_STORE_NAME, SERVICES_TYPE) VALUES ('Anatoli Mutavchiev','0844536722','Pleven','Pleven-Auto','Sales Assistance');
INSERT INTO FN72068.STAFF(NAME, PHONE_NUMBER, REGION, AUTO_STORE_NAME, SERVICES_TYPE) VALUES ('Kiro Petrov','0884536720','Vratsa','Vratsa-Auto','Sales Assistance');
INSERT INTO FN72068.STAFF(NAME, PHONE_NUMBER, REGION, AUTO_STORE_NAME, SERVICES_TYPE) VALUES ('Toncho Shishkov','0886421492','Burgas','Burgas-Auto','Sales Assistance');
INSERT INTO FN72068.STAFF(NAME, PHONE_NUMBER, REGION, AUTO_STORE_NAME, SERVICES_TYPE) VALUES ('Danail Bacanov','0855136700','Varna','Varna-Auto','Sales Assistance');
INSERT INTO FN72068.STAFF(NAME, PHONE_NUMBER, REGION, AUTO_STORE_NAME, SERVICES_TYPE) VALUES ('Martin Mutavchiev','0882936722','Kardzhali','Kardzhali-Auto','Sales Assistance');
INSERT INTO FN72068.STAFF(NAME, PHONE_NUMBER, REGION, AUTO_STORE_NAME, SERVICES_TYPE) VALUES ('Anatoli Kamenov','0891536822','Blagoevgrad','Blagoevgrad-Auto','Sales Assistance');
INSERT INTO FN72068.STAFF(NAME, PHONE_NUMBER, REGION, AUTO_STORE_NAME, SERVICES_TYPE) VALUES ('Ivailo Ivailov','0864336722','Ruse','Ruse-Auto','Sales Assistance');
INSERT INTO FN72068.STAFF(NAME, PHONE_NUMBER, REGION, AUTO_STORE_NAME, SERVICES_TYPE) VALUES ('Dancho Karamazov','0888532922','Stara Zagora','Stara Zagora-Auto','Sales Assistance');
INSERT INTO FN72068.STAFF(NAME, PHONE_NUMBER, REGION, AUTO_STORE_NAME, SERVICES_TYPE) VALUES ('Biser Zahariev','0885671267','Sofia-Mladost','Sofia-Mladost-Auto','Sales Assistance');
INSERT INTO FN72068.STAFF(NAME, PHONE_NUMBER, REGION, AUTO_STORE_NAME, SERVICES_TYPE) VALUES ('Elisaveta Petrova','0854936741','Sofia-Iztok','Sofia-Iztok-Auto','Sales Assistance');
INSERT INTO FN72068.STAFF(NAME, PHONE_NUMBER, REGION, AUTO_STORE_NAME, SERVICES_TYPE) VALUES ('Stefan Berov','0887226753','Plovdiv','Plovdiv-Auto','Sales Assistance');
INSERT INTO FN72068.STAFF(NAME, PHONE_NUMBER, REGION, AUTO_STORE_NAME, SERVICES_TYPE) VALUES ('Nayden Gerov','0890696718','Sofia-Lozenets','Sofia-Lozenets-Auto','Sales Assistance');
INSERT INTO FN72068.STAFF(NAME, PHONE_NUMBER, REGION, AUTO_STORE_NAME, SERVICES_TYPE) VALUES ('Georgi Georgiev','0884606500','Dobrich','Dobrich-Auto','Sales Assistance');
INSERT INTO FN72068.STAFF(NAME, PHONE_NUMBER, REGION, AUTO_STORE_NAME, SERVICES_TYPE) VALUES ('Tihomir Nenkov','0882639175','Vidin','Vidin-Auto','Sales Assistance');



INSERT INTO FN72068.REQUIRES(CLIENT_PHONE_NUMBER, AUTO_STORE_NAME, TYPE_AUTOMOBILE, MAX_PRICE) VALUES ('0884845678','Sofia-Lozenets-Auto','Car-Mercedes-Sedane-Diesel',530000.00);
INSERT INTO FN72068.REQUIRES(CLIENT_PHONE_NUMBER, AUTO_STORE_NAME, TYPE_AUTOMOBILE, MAX_PRICE) VALUES ('0886855418','Vratsa-Auto','Car-VW-SUV-Electric',700000.00);
INSERT INTO FN72068.REQUIRES(CLIENT_PHONE_NUMBER, AUTO_STORE_NAME, TYPE_AUTOMOBILE, MAX_PRICE) VALUES ('0862394698','Plovdiv-Auto','Bus-Toyota-Coaches-Petrol',800000.00);
INSERT INTO FN72068.REQUIRES(CLIENT_PHONE_NUMBER, AUTO_STORE_NAME, TYPE_AUTOMOBILE, MAX_PRICE) VALUES ('0852594677','Vidin-Auto','Bus-Renault-Clubbus-Petrol',105000.00);
INSERT INTO FN72068.REQUIRES(CLIENT_PHONE_NUMBER, AUTO_STORE_NAME, TYPE_AUTOMOBILE, MAX_PRICE) VALUES ('0881267210','Ruse-Auto','Truck-Volvo-Trailer-Petrol',200000.00);


INSERT INTO FN72068.RECEIVES(CLIENT_PHONE_NUMBER, SERVICES_TYPE) VALUES ('0884845678','Vehicle Maintenance');
INSERT INTO FN72068.RECEIVES(CLIENT_PHONE_NUMBER, SERVICES_TYPE) VALUES ('0884845678','Insurance');
INSERT INTO FN72068.RECEIVES(CLIENT_PHONE_NUMBER, SERVICES_TYPE) VALUES ('0884845678','Registration');
INSERT INTO FN72068.RECEIVES(CLIENT_PHONE_NUMBER, SERVICES_TYPE) VALUES ('0884845678','Sales Assistance');
INSERT INTO FN72068.RECEIVES(CLIENT_PHONE_NUMBER, SERVICES_TYPE) VALUES ('0886855418','Registration');
INSERT INTO FN72068.RECEIVES(CLIENT_PHONE_NUMBER, SERVICES_TYPE) VALUES ('0886855418','Vehicle Maintenance');
INSERT INTO FN72068.RECEIVES(CLIENT_PHONE_NUMBER, SERVICES_TYPE) VALUES ('0886855418','Sales Assistance');
INSERT INTO FN72068.RECEIVES(CLIENT_PHONE_NUMBER, SERVICES_TYPE) VALUES ('0862394698','Devices Installation');
INSERT INTO FN72068.RECEIVES(CLIENT_PHONE_NUMBER, SERVICES_TYPE) VALUES ('0862394698','Sales Assistance');
INSERT INTO FN72068.RECEIVES(CLIENT_PHONE_NUMBER, SERVICES_TYPE) VALUES ('0862394698','Insurance');
INSERT INTO FN72068.RECEIVES(CLIENT_PHONE_NUMBER, SERVICES_TYPE) VALUES ('0852594677','Insurance');
INSERT INTO FN72068.RECEIVES(CLIENT_PHONE_NUMBER, SERVICES_TYPE) VALUES ('0852594677','Devices Installation');
INSERT INTO FN72068.RECEIVES(CLIENT_PHONE_NUMBER, SERVICES_TYPE) VALUES ('0852594677','Sales Assistance');
INSERT INTO FN72068.RECEIVES(CLIENT_PHONE_NUMBER, SERVICES_TYPE) VALUES ('0881267210','Insurance');
INSERT INTO FN72068.RECEIVES(CLIENT_PHONE_NUMBER, SERVICES_TYPE) VALUES ('0881267210','Sales Assistance');


CREATE VIEW OWNED_CARS
    AS
      SELECT C.NAME, F.BRAND, F.PRICE
      FROM CARS F, CLIENTS C
      WHERE C.PHONE_NUMBER = F.CLIENT_PHONE_NUMBER;


SELECT * FROM OWNED_CARS;



CREATE VIEW REQUIRED_BOUGHT_AUTOS
    AS
      SELECT C.NAME, R.TYPE_AUTOMOBILE, R.MAX_PRICE
      FROM REQUIRES R, CLIENTS C
      WHERE C.PHONE_NUMBER = R.CLIENT_PHONE_NUMBER;

SELECT * FROM REQUIRED_BOUGHT_AUTOS;

